SR (A/fs)	5e-06	Plateau PMF	50217.332	Plate-plate vol (m^3)	5.25e-25
TimeStep	Time (fs)	Total strain (A)	PMF (kCal/mol)	PMF norm (vol)	PMF norm (peak)
1512000	0	0.0	15.7575	3.0014285714285714e+25	0.0
1513800	1800	0.009	32.6199	6.213314285714286e+25	0.001
1515600	3600	0.018	47.8268	9.109866666666668e+25	0.001
1517400	5400	0.027	67.8828	1.2930057142857143e+26	0.001
1519200	7200	0.036	86.5837	1.6492133333333333e+26	0.002
1521000	9000	0.045	110.44	2.1036190476190478e+26	0.002
1522800	10800	0.054	135.217	2.575561904761905e+26	0.003
1524600	12600	0.063	160.768	3.0622476190476193e+26	0.003
1526400	14400	0.072	189.556	3.6105904761904766e+26	0.004
1528200	16200	0.081	218.766	4.166971428571429e+26	0.004
1530000	18000	0.09	250.317	4.767942857142857e+26	0.005
1531800	19800	0.099	282.75	5.385714285714286e+26	0.006
1533600	21600	0.108	317.387	6.045466666666667e+26	0.006
1535400	23400	0.117	349.434	6.655885714285715e+26	0.007
1537200	25200	0.126	384.291	7.319828571428571e+26	0.008
1539000	27000	0.135	419.333	7.987295238095238e+26	0.008
1540800	28800	0.144	456.355	8.692476190476191e+26	0.009
1542600	30600	0.153	493.02	9.390857142857143e+26	0.01
1544400	32400	0.162	529.798	1.0091390476190477e+27	0.011
1546200	34200	0.171	569.075	1.0839523809523811e+27	0.011
1548000	36000	0.18	608.047	1.158184761904762e+27	0.012
1549800	37800	0.189	648.109	1.2344933333333335e+27	0.013
1551600	39600	0.198	688.895	1.3121809523809524e+27	0.014
1553400	41400	0.207	727.494	1.3857028571428572e+27	0.014
1555200	43200	0.216	768.934	1.4646361904761904e+27	0.015
1557000	45000	0.225	810.85	1.5444761904761906e+27	0.016
1558800	46800	0.234	854.408	1.6274438095238097e+27	0.017
1560600	48600	0.243	897.095	1.708752380952381e+27	0.018
1562400	50400	0.252	943.06	1.7963047619047619e+27	0.019
1564200	52200	0.261	989.348	1.884472380952381e+27	0.02
1566000	54000	0.27	1038.38	1.977866666666667e+27	0.021
1567800	55800	0.279	1087.28	2.0710095238095238e+27	0.022
1569600	57600	0.288	1139.71	2.1708761904761906e+27	0.023
1571400	59400	0.297	1190.55	2.2677142857142857e+27	0.024
1573200	61200	0.306	1241.75	2.3652380952380952e+27	0.025
1575000	63000	0.315	1294.1	2.4649523809523808e+27	0.026
1576800	64800	0.324	1350.84	2.573028571428571e+27	0.027
1578600	66600	0.333	1405.99	2.6780761904761903e+27	0.028
1580400	68400	0.342	1464.58	2.7896761904761906e+27	0.029
1582200	70200	0.351	1519.87	2.894990476190476e+27	0.03
1584000	72000	0.36	1574.81	2.9996380952380953e+27	0.031
1585800	73800	0.369	1631.52	3.107657142857143e+27	0.032
1587600	75600	0.378	1684.33	3.208247619047619e+27	0.034
1589400	77400	0.387	1744.07	3.322038095238095e+27	0.035
1591200	79200	0.396	1798.68	3.426057142857143e+27	0.036
1593000	81000	0.405	1859.88	3.5426285714285716e+27	0.037
1594800	82800	0.414	1917.19	3.6517904761904765e+27	0.038
1596600	84600	0.423	1975.61	3.7630666666666665e+27	0.039
1598400	86400	0.432	2034.31	3.8748761904761903e+27	0.041
1600200	88200	0.441	2092.69	3.986076190476191e+27	0.042
1602000	90000	0.45	2155.86	4.1064000000000005e+27	0.043
1603800	91800	0.459	2213.73	4.2166285714285714e+27	0.044
1605600	93600	0.468	2272.65	4.328857142857143e+27	0.045
1607400	95400	0.477	2329.33	4.4368190476190474e+27	0.046
1609200	97200	0.486	2389.79	4.551980952380952e+27	0.048
1611000	99000	0.495	2445.37	4.657847619047619e+27	0.049
1612800	100800	0.504	2503.36	4.7683047619047624e+27	0.05
1614600	102600	0.513	2560.44	4.8770285714285716e+27	0.051
1616400	104400	0.522	2620.18	4.990819047619047e+27	0.052
1618200	106200	0.531	2677.14	5.099314285714286e+27	0.053
1620000	108000	0.54	2738.17	5.215561904761905e+27	0.055
1621800	109800	0.549	2797.18	5.327961904761904e+27	0.056
1623600	111600	0.558	2858.6	5.444952380952381e+27	0.057
1625400	113400	0.567	2916.63	5.555485714285714e+27	0.058
1627200	115200	0.576	2974.87	5.666419047619048e+27	0.059
1629000	117000	0.585	3036.53	5.783866666666667e+27	0.06
1630800	118800	0.594	3098.17	5.901276190476191e+27	0.062
1632600	120600	0.603	3160.7	6.020380952380952e+27	0.063
1634400	122400	0.612	3222.79	6.138647619047619e+27	0.064
1636200	124200	0.621	3282.85	6.253047619047619e+27	0.065
1638000	126000	0.63	3341.55	6.364857142857144e+27	0.067
1639800	127800	0.639	3402.97	6.481847619047619e+27	0.068
1641600	129600	0.648	3466.35	6.602571428571428e+27	0.069
1643400	131400	0.657	3527.42	6.718895238095239e+27	0.07
1645200	133200	0.666	3590.04	6.838171428571428e+27	0.071
1647000	135000	0.675	3651.12	6.954514285714285e+27	0.073
1648800	136800	0.684	3718.26	7.082400000000001e+27	0.074
1650600	138600	0.693	3779.68	7.199390476190476e+27	0.075
1652400	140400	0.702	3844.12	7.322133333333333e+27	0.077
1654200	142200	0.711	3908.89	7.445504761904761e+27	0.078
1656000	144000	0.72	3970.35	7.562571428571428e+27	0.079
1657800	145800	0.729	4035.99	7.6876e+27	0.08
1659600	147600	0.738	4097.21	7.804209523809524e+27	0.082
1661400	149400	0.747	4160.15	7.924095238095238e+27	0.083
1663200	151200	0.756	4224.88	8.047390476190477e+27	0.084
1665000	153000	0.765	4287.1	8.165904761904763e+27	0.085
1666800	154800	0.774	4352.09	8.289695238095238e+27	0.087
1668600	156600	0.783	4414.05	8.407714285714286e+27	0.088
1670400	158400	0.792	4477.66	8.52887619047619e+27	0.089
1672200	160200	0.801	4540.82	8.649180952380952e+27	0.09
1674000	162000	0.81	4607.42	8.776038095238096e+27	0.092
1675800	163800	0.819	4672.39	8.899790476190477e+27	0.093
1677600	165600	0.828	4737.66	9.024114285714286e+27	0.094
1679400	167400	0.837	4805.15	9.152666666666666e+27	0.096
1681200	169200	0.846	4869.93	9.276057142857144e+27	0.097
1683000	171000	0.855	4937.87	9.405466666666667e+27	0.098
1684800	172800	0.864	5002.69	9.528933333333333e+27	0.1
1686600	174600	0.873	5070.1	9.657333333333334e+27	0.101
1688400	176400	0.882	5136.1	9.78304761904762e+27	0.102
1690200	178200	0.891	5201.98	9.908533333333333e+27	0.104
1692000	180000	0.9	5272.16	1.0042209523809523e+28	0.105
1693800	181800	0.909	5338.95	1.0169428571428571e+28	0.106
1695600	183600	0.918	5405.64	1.0296457142857143e+28	0.108
1697400	185400	0.927	5472.88	1.0424533333333334e+28	0.109
1699200	187200	0.936	5541.03	1.0554342857142857e+28	0.11
1701000	189000	0.945	5606.34	1.0678742857142859e+28	0.112
1702800	190800	0.954	5675.29	1.0810076190476192e+28	0.113
1704600	192600	0.963	5742.08	1.0937295238095237e+28	0.114
1706400	194400	0.972	5813.19	1.1072742857142857e+28	0.116
1708200	196200	0.981	5883.24	1.1206171428571428e+28	0.117
1710000	198000	0.99	5956.35	1.1345428571428572e+28	0.119
1711800	199800	0.999	6026.75	1.147952380952381e+28	0.12
1713600	201600	1.008	6096.81	1.1612971428571429e+28	0.121
1715400	203400	1.017	6169.1	1.1750666666666668e+28	0.123
1717200	205200	1.026	6242.93	1.189129523809524e+28	0.124
1719000	207000	1.035	6316.73	1.2031866666666666e+28	0.126
1720800	208800	1.044	6390.7	1.2172761904761904e+28	0.127
1722600	210600	1.053	6462.77	1.2310038095238096e+28	0.129
1724400	212400	1.062	6530.14	1.2438361904761907e+28	0.13
1726200	214200	1.071	6601.02	1.257337142857143e+28	0.131
1728000	216000	1.08	6669.93	1.2704628571428572e+28	0.133
1729800	217800	1.089	6741.02	1.2840038095238096e+28	0.134
1731600	219600	1.098	6812.57	1.297632380952381e+28	0.136
1733400	221400	1.107	6881.16	1.3106971428571428e+28	0.137
1735200	223200	1.116	6954.74	1.324712380952381e+28	0.138
1737000	225000	1.125	7028.53	1.338767619047619e+28	0.14
1738800	226800	1.134	7101.45	1.352657142857143e+28	0.141
1740600	228600	1.143	7175.09	1.3666838095238095e+28	0.143
1742400	230400	1.152	7251.41	1.3812209523809524e+28	0.144
1744200	232200	1.161	7321.04	1.3944838095238095e+28	0.146
1746000	234000	1.17	7394.49	1.4084742857142857e+28	0.147
1747800	235800	1.179	7464.01	1.4217161904761906e+28	0.149
1749600	237600	1.188	7538.03	1.4358152380952382e+28	0.15
1751400	239400	1.197	7607.87	1.4491180952380952e+28	0.151
1753200	241200	1.206	7678.17	1.4625085714285716e+28	0.153
1755000	243000	1.215	7750.3	1.4762476190476192e+28	0.154
1756800	244800	1.224	7820.56	1.4896304761904764e+28	0.156
1758600	246600	1.233	7888.63	1.5025961904761906e+28	0.157
1760400	248400	1.242	7959.41	1.5160780952380953e+28	0.158
1762200	250200	1.251	8030.88	1.5296914285714286e+28	0.16
1764000	252000	1.26	8101.26	1.5430971428571429e+28	0.161
1765800	253800	1.269	8170.82	1.5563466666666667e+28	0.163
1767600	255600	1.278	8242.79	1.5700552380952383e+28	0.164
1769400	257400	1.287	8310.92	1.583032380952381e+28	0.165
1771200	259200	1.296	8384.57	1.5970609523809523e+28	0.167
1773000	261000	1.305	8452.13	1.6099295238095238e+28	0.168
1774800	262800	1.314	8524.27	1.6236704761904763e+28	0.17
1776600	264600	1.323	8595.88	1.6373104761904761e+28	0.171
1778400	266400	1.332	8667.24	1.6509028571428571e+28	0.173
1780200	268200	1.341	8737.64	1.664312380952381e+28	0.174
1782000	270000	1.35	8810.78	1.6782438095238096e+28	0.175
1783800	271800	1.359	8885.14	1.692407619047619e+28	0.177
1785600	273600	1.368	8959.57	1.706584761904762e+28	0.178
1787400	275400	1.377	9036.02	1.7211466666666667e+28	0.18
1789200	277200	1.386	9110.48	1.7353295238095238e+28	0.181
1791000	279000	1.395	9185.2	1.749561904761905e+28	0.183
1792800	280800	1.404	9259.86	1.7637828571428574e+28	0.184
1794600	282600	1.413	9335.5	1.7781904761904762e+28	0.186
1796400	284400	1.422	9409.85	1.792352380952381e+28	0.187
1798200	286200	1.431	9483.65	1.8064095238095238e+28	0.189
1800000	288000	1.44	9556.48	1.8202819047619048e+28	0.19
1801800	289800	1.449	9630.24	1.8343314285714285e+28	0.192
1803600	291600	1.458	9701.67	1.8479371428571428e+28	0.193
1805400	293400	1.467	9775.31	1.8619638095238094e+28	0.195
1807200	295200	1.476	9848.28	1.8758628571428574e+28	0.196
1809000	297000	1.485	9923.17	1.890127619047619e+28	0.198
1810800	298800	1.494	9999.3	1.9046285714285713e+28	0.199
1812600	300600	1.503	10075.4	1.9191238095238094e+28	0.201
1814400	302400	1.512	10153.1	1.9339238095238097e+28	0.202
1816200	304200	1.521	10229.2	1.9484190476190479e+28	0.204
1818000	306000	1.53	10305.5	1.962952380952381e+28	0.205
1819800	307800	1.539	10382.2	1.9775619047619049e+28	0.207
1821600	309600	1.548	10458.3	1.9920571428571426e+28	0.208
1823400	311400	1.557	10537.0	2.007047619047619e+28	0.21
1825200	313200	1.566	10612.4	2.0214095238095237e+28	0.211
1827000	315000	1.575	10691.2	2.0364190476190478e+28	0.213
1828800	316800	1.584	10768.7	2.0511809523809524e+28	0.214
1830600	318600	1.593	10845.1	2.0657333333333336e+28	0.216
1832400	320400	1.602	10918.7	2.079752380952381e+28	0.217
1834200	322200	1.611	10994.1	2.094114285714286e+28	0.219
1836000	324000	1.62	11068.9	2.108361904761905e+28	0.22
1837800	325800	1.629	11146.0	2.123047619047619e+28	0.222
1839600	327600	1.638	11219.9	2.1371238095238097e+28	0.223
1841400	329400	1.647	11293.6	2.1511619047619047e+28	0.225
1843200	331200	1.656	11370.7	2.1658476190476193e+28	0.226
1845000	333000	1.665	11444.3	2.1798666666666667e+28	0.228
1846800	334800	1.674	11522.0	2.1946666666666665e+28	0.229
1848600	336600	1.683	11599.3	2.209390476190476e+28	0.231
1850400	338400	1.692	11675.4	2.2238857142857143e+28	0.232
1852200	340200	1.701	11750.4	2.2381714285714284e+28	0.234
1854000	342000	1.71	11828.3	2.253009523809524e+28	0.236
1855800	343800	1.719	11902.5	2.267142857142857e+28	0.237
1857600	345600	1.728	11978.8	2.2816761904761906e+28	0.239
1859400	347400	1.737	12054.5	2.296095238095238e+28	0.24
1861200	349200	1.746	12131.7	2.3108000000000003e+28	0.242
1863000	351000	1.755	12207.8	2.325295238095238e+28	0.243
1864800	352800	1.764	12283.1	2.3396380952380956e+28	0.245
1866600	354600	1.773	12359.7	2.3542285714285716e+28	0.246
1868400	356400	1.782	12433.4	2.3682666666666666e+28	0.248
1870200	358200	1.791	12509.5	2.382761904761905e+28	0.249
1872000	360000	1.8	12586.2	2.3973714285714286e+28	0.251
1873800	361800	1.809	12657.2	2.4108952380952383e+28	0.252
1875600	363600	1.818	12736.5	2.426e+28	0.254
1877400	365400	1.827	12812.6	2.4404952380952385e+28	0.255
1879200	367200	1.836	12887.7	2.4548e+28	0.257
1881000	369000	1.845	12965.6	2.4696380952380953e+28	0.258
1882800	370800	1.854	13041.5	2.4840952380952384e+28	0.26
1884600	372600	1.863	13120.3	2.499104761904762e+28	0.261
1886400	374400	1.872	13199.2	2.5141333333333334e+28	0.263
1888200	376200	1.881	13276.7	2.5288952380952384e+28	0.264
1890000	378000	1.89	13356.0	2.544e+28	0.266
1891800	379800	1.899	13433.1	2.5586857142857143e+28	0.267
1893600	381600	1.908	13510.2	2.573371428571429e+28	0.269
1895400	383400	1.917	13585.8	2.5877714285714287e+28	0.271
1897200	385200	1.926	13662.4	2.6023619047619047e+28	0.272
1899000	387000	1.935	13739.2	2.6169904761904764e+28	0.274
1900800	388800	1.944	13817.7	2.6319428571428572e+28	0.275
1902600	390600	1.953	13894.3	2.6465333333333332e+28	0.277
1904400	392400	1.962	13974.5	2.661809523809524e+28	0.278
1906200	394200	1.971	14051.0	2.6763809523809524e+28	0.28
1908000	396000	1.98	14131.1	2.691638095238095e+28	0.281
1909800	397800	1.989	14209.0	2.7064761904761907e+28	0.283
1911600	399600	1.998	14288.8	2.7216761904761906e+28	0.285
1913400	401400	2.007	14366.0	2.7363809523809523e+28	0.286
1915200	403200	2.016	14445.9	2.7516e+28	0.288
1917000	405000	2.025	14526.5	2.766952380952381e+28	0.289
1918800	406800	2.034	14608.0	2.7824761904761906e+28	0.291
1920600	408600	2.043	14686.2	2.797371428571429e+28	0.292
1922400	410400	2.052	14765.9	2.8125523809523808e+28	0.294
1924200	412200	2.061	14845.4	2.8276952380952382e+28	0.296
1926000	414000	2.07	14924.3	2.8427238095238095e+28	0.297
1927800	415800	2.079	15004.2	2.8579428571428575e+28	0.299
1929600	417600	2.088	15086.7	2.873657142857143e+28	0.3
1931400	419400	2.097	15167.8	2.889104761904762e+28	0.302
1933200	421200	2.106	15250.3	2.9048190476190477e+28	0.304
1935000	423000	2.115	15331.2	2.920228571428572e+28	0.305
1936800	424800	2.124	15415.2	2.9362285714285718e+28	0.307
1938600	426600	2.133	15499.5	2.9522857142857146e+28	0.309
1940400	428400	2.142	15584.8	2.968533333333333e+28	0.31
1942200	430200	2.151	15668.5	2.9844761904761907e+28	0.312
1944000	432000	2.16	15754.3	3.0008190476190478e+28	0.314
1945800	433800	2.169	15842.3	3.0175809523809525e+28	0.315
1947600	435600	2.178	15929.0	3.0340952380952382e+28	0.317
1949400	437400	2.187	16020.7	3.051561904761905e+28	0.319
1951200	439200	2.196	16109.8	3.068533333333333e+28	0.321
1953000	441000	2.205	16199.4	3.0856e+28	0.323
1954800	442800	2.214	16289.3	3.1027238095238094e+28	0.324
1956600	444600	2.223	16382.3	3.120438095238095e+28	0.326
1958400	446400	2.232	16474.7	3.1380380952380957e+28	0.328
1960200	448200	2.241	16567.9	3.1557904761904767e+28	0.33
1962000	450000	2.25	16658.1	3.1729714285714282e+28	0.332
1963800	451800	2.259	16744.3	3.1893904761904763e+28	0.333
1965600	453600	2.268	16829.7	3.205657142857143e+28	0.335
1967400	455400	2.277	16918.4	3.2225523809523815e+28	0.337
1969200	457200	2.286	16998.5	3.2378095238095238e+28	0.338
1971000	459000	2.295	17087.9	3.2548380952380956e+28	0.34
1972800	460800	2.304	17172.7	3.2709904761904766e+28	0.342
1974600	462600	2.313	17257.6	3.2871619047619046e+28	0.344
1976400	464400	2.322	17346.1	3.3040190476190475e+28	0.345
1978200	466200	2.331	17431.6	3.3203047619047618e+28	0.347
1980000	468000	2.34	17521.4	3.337409523809524e+28	0.349
1981800	469800	2.349	17607.4	3.3537904761904765e+28	0.351
1983600	471600	2.358	17697.5	3.370952380952381e+28	0.352
1985400	473400	2.367	17787.9	3.388171428571429e+28	0.354
1987200	475200	2.376	17879.2	3.405561904761905e+28	0.356
1989000	477000	2.385	17971.6	3.4231619047619044e+28	0.358
1990800	478800	2.394	18063.6	3.440685714285714e+28	0.36
1992600	480600	2.403	18153.1	3.457733333333333e+28	0.361
1994400	482400	2.412	18244.8	3.4751999999999998e+28	0.363
1996200	484200	2.421	18333.6	3.4921142857142855e+28	0.365
1998000	486000	2.43	18424.4	3.509409523809524e+28	0.367
1999800	487800	2.439	18513.0	3.5262857142857146e+28	0.369
2001600	489600	2.448	18602.5	3.5433333333333336e+28	0.37
2003400	491400	2.457	18689.4	3.5598857142857146e+28	0.372
2005200	493200	2.466	18778.5	3.576857142857143e+28	0.374
2007000	495000	2.475	18865.7	3.593466666666667e+28	0.376
2008800	496800	2.484	18957.2	3.6108952380952385e+28	0.378
2010600	498600	2.493	19044.7	3.627561904761905e+28	0.379
2012400	500400	2.502	19136.2	3.6449904761904766e+28	0.381
2014200	502200	2.511	19223.5	3.6616190476190476e+28	0.383
2016000	504000	2.52	19311.5	3.6783809523809523e+28	0.385
2017800	505800	2.529	19396.8	3.6946285714285714e+28	0.386
2019600	507600	2.538	19486.7	3.7117523809523814e+28	0.388
2021400	509400	2.547	19574.8	3.7285333333333333e+28	0.39
2023200	511200	2.556	19663.1	3.745352380952381e+28	0.392
2025000	513000	2.565	19749.4	3.7617904761904766e+28	0.393
2026800	514800	2.574	19839.0	3.778857142857143e+28	0.395
2028600	516600	2.583	19927.4	3.7956952380952385e+28	0.397
2030400	518400	2.592	20018.3	3.813009523809524e+28	0.399
2032200	520200	2.601	20111.1	3.830685714285714e+28	0.4
2034000	522000	2.61	20206.7	3.8488952380952383e+28	0.402
2035800	523800	2.619	20300.2	3.866704761904762e+28	0.404
2037600	525600	2.628	20397.8	3.885295238095238e+28	0.406
2039400	527400	2.637	20496.5	3.9040952380952383e+28	0.408
2041200	529200	2.646	20597.4	3.923314285714286e+28	0.41
2043000	531000	2.655	20698.2	3.942514285714286e+28	0.412
2044800	532800	2.664	20799.9	3.961885714285715e+28	0.414
2046600	534600	2.673	20900.1	3.980971428571428e+28	0.416
2048400	536400	2.682	21003.3	4.000628571428572e+28	0.418
2050200	538200	2.691	21103.2	4.019657142857143e+28	0.42
2052000	540000	2.7	21204.9	4.039028571428572e+28	0.422
2053800	541800	2.709	21304.4	4.057980952380952e+28	0.424
2055600	543600	2.718	21404.5	4.077047619047619e+28	0.426
2057400	545400	2.727	21504.1	4.0960190476190476e+28	0.428
2059200	547200	2.736	21605.7	4.115371428571429e+28	0.43
2061000	549000	2.745	21705.0	4.134285714285714e+28	0.432
2062800	550800	2.754	21803.4	4.153028571428572e+28	0.434
2064600	552600	2.763	21900.2	4.171466666666667e+28	0.436
2066400	554400	2.772	21995.7	4.189657142857143e+28	0.438
2068200	556200	2.781	22093.4	4.208266666666667e+28	0.44
2070000	558000	2.79	22189.1	4.226495238095238e+28	0.442
2071800	559800	2.799	22287.5	4.2452380952380955e+28	0.444
2073600	561600	2.808	22384.8	4.263771428571429e+28	0.446
2075400	563400	2.817	22483.6	4.282590476190476e+28	0.448
2077200	565200	2.826	22586.1	4.302114285714285e+28	0.45
2079000	567000	2.835	22684.3	4.320819047619048e+28	0.452
2080800	568800	2.844	22785.6	4.340114285714286e+28	0.454
2082600	570600	2.853	22886.7	4.359371428571429e+28	0.456
2084400	572400	2.862	22985.4	4.378171428571429e+28	0.458
2086200	574200	2.871	23089.3	4.397961904761905e+28	0.46
2088000	576000	2.88	23189.6	4.417066666666667e+28	0.462
2089800	577800	2.889	23293.3	4.436819047619048e+28	0.464
2091600	579600	2.898	23392.6	4.455733333333333e+28	0.466
2093400	581400	2.907	23494.8	4.4752e+28	0.468
2095200	583200	2.916	23591.8	4.4936761904761906e+28	0.47
2097000	585000	2.925	23694.9	4.513314285714286e+28	0.472
2098800	586800	2.934	23792.1	4.5318285714285714e+28	0.474
2100600	588600	2.943	23893.6	4.551161904761905e+28	0.476
2102400	590400	2.952	23991.0	4.569714285714286e+28	0.478
2104200	592200	2.961	24094.4	4.589409523809524e+28	0.48
2106000	594000	2.97	24194.9	4.608552380952382e+28	0.482
2107800	595800	2.979	24299.1	4.6284e+28	0.484
2109600	597600	2.988	24403.1	4.648209523809523e+28	0.486
2111400	599400	2.997	24506.7	4.667942857142857e+28	0.488
2113200	601200	3.006	24608.0	4.687238095238096e+28	0.49
2115000	603000	3.015	24706.8	4.706057142857143e+28	0.492
2116800	604800	3.024	24809.5	4.725619047619048e+28	0.494
2118600	606600	3.033	24913.2	4.745371428571429e+28	0.496
2120400	608400	3.042	25013.7	4.764514285714286e+28	0.498
2122200	610200	3.051	25119.5	4.784666666666666e+28	0.5
2124000	612000	3.06	25222.5	4.804285714285715e+28	0.502
2125800	613800	3.069	25327.9	4.824361904761905e+28	0.504
2127600	615600	3.078	25430.4	4.843885714285715e+28	0.506
2129400	617400	3.087	25531.9	4.863219047619048e+28	0.508
2131200	619200	3.096	25631.5	4.882190476190477e+28	0.51
2133000	621000	3.105	25732.3	4.901390476190476e+28	0.512
2134800	622800	3.114	25830.3	4.920057142857143e+28	0.514
2136600	624600	3.123	25929.1	4.93887619047619e+28	0.516
2138400	626400	3.132	26030.6	4.958209523809524e+28	0.518
2140200	628200	3.141	26130.0	4.9771428571428575e+28	0.52
2142000	630000	3.15	26233.6	4.996876190476191e+28	0.522
2143800	631800	3.159	26333.7	5.0159428571428575e+28	0.524
2145600	633600	3.168	26434.8	5.0352e+28	0.526
2147400	635400	3.177	26537.0	5.054666666666667e+28	0.528
2149200	637200	3.186	26636.9	5.073695238095239e+28	0.53
2151000	639000	3.195	26735.8	5.092533333333333e+28	0.532
2152800	640800	3.204	26834.1	5.111257142857143e+28	0.534
2154600	642600	3.213	26931.6	5.129828571428572e+28	0.536
2156400	644400	3.222	27028.0	5.148190476190476e+28	0.538
2158200	646200	3.231	27125.1	5.166685714285714e+28	0.54
2160000	648000	3.24	27223.9	5.1855047619047625e+28	0.542
2161800	649800	3.249	27321.9	5.204171428571429e+28	0.544
2163600	651600	3.258	27420.9	5.2230285714285714e+28	0.546
2165400	653400	3.267	27520.3	5.2419619047619045e+28	0.548
2167200	655200	3.276	27620.6	5.261066666666667e+28	0.55
2169000	657000	3.285	27720.3	5.280057142857143e+28	0.552
2170800	658800	3.294	27819.5	5.298952380952381e+28	0.554
2172600	660600	3.303	27920.3	5.3181523809523806e+28	0.556
2174400	662400	3.312	28020.6	5.337257142857143e+28	0.558
2176200	664200	3.321	28119.1	5.356019047619048e+28	0.56
2178000	666000	3.33	28220.0	5.375238095238095e+28	0.562
2179800	667800	3.339	28318.2	5.393942857142858e+28	0.564
2181600	669600	3.348	28419.0	5.413142857142858e+28	0.566
2183400	671400	3.357	28521.0	5.432571428571429e+28	0.568
2185200	673200	3.366	28623.2	5.452038095238095e+28	0.57
2187000	675000	3.375	28728.5	5.472095238095238e+28	0.572
2188800	676800	3.384	28832.0	5.491809523809524e+28	0.574
2190600	678600	3.393	28938.2	5.512038095238096e+28	0.576
2192400	680400	3.402	29044.9	5.532361904761905e+28	0.578
2194200	682200	3.411	29154.0	5.553142857142857e+28	0.581
2196000	684000	3.42	29261.4	5.573600000000001e+28	0.583
2197800	685800	3.429	29374.2	5.595085714285714e+28	0.585
2199600	687600	3.438	29483.1	5.615828571428572e+28	0.587
2201400	689400	3.447	29599.0	5.637904761904762e+28	0.589
2203200	691200	3.456	29712.7	5.659561904761905e+28	0.592
2205000	693000	3.465	29827.4	5.681409523809524e+28	0.594
2206800	694800	3.474	29945.3	5.703866666666667e+28	0.596
2208600	696600	3.483	30061.7	5.726038095238095e+28	0.599
2210400	698400	3.492	30180.9	5.748742857142857e+28	0.601
2212200	700200	3.501	30300.4	5.7715047619047625e+28	0.603
2214000	702000	3.51	30421.3	5.794533333333334e+28	0.606
2215800	703800	3.519	30538.8	5.8169142857142855e+28	0.608
2217600	705600	3.528	30657.3	5.839485714285715e+28	0.61
2219400	707400	3.537	30771.3	5.8612e+28	0.613
2221200	709200	3.546	30887.9	5.883409523809524e+28	0.615
2223000	711000	3.555	31001.1	5.904971428571429e+28	0.617
2224800	712800	3.564	31112.7	5.9262285714285715e+28	0.62
2226600	714600	3.573	31225.0	5.947619047619048e+28	0.622
2228400	716400	3.582	31333.1	5.968209523809524e+28	0.624
2230200	718200	3.591	31441.2	5.9888e+28	0.626
2232000	720000	3.6	31549.7	6.009466666666667e+28	0.628
2233800	721800	3.609	31656.5	6.029809523809524e+28	0.63
2235600	723600	3.618	31760.6	6.049638095238095e+28	0.632
2237400	725400	3.627	31867.2	6.069942857142858e+28	0.635
2239200	727200	3.636	31975.2	6.090514285714286e+28	0.637
2241000	729000	3.645	32082.2	6.110895238095238e+28	0.639
2242800	730800	3.654	32189.6	6.131352380952381e+28	0.641
2244600	732600	3.663	32297.2	6.15184761904762e+28	0.643
2246400	734400	3.672	32406.1	6.172590476190476e+28	0.645
2248200	736200	3.681	32515.0	6.193333333333334e+28	0.647
2250000	738000	3.69	32625.8	6.214438095238096e+28	0.65
2251800	739800	3.699	32733.3	6.2349142857142855e+28	0.652
2253600	741600	3.708	32845.9	6.256361904761905e+28	0.654
2255400	743400	3.717	32958.1	6.277733333333333e+28	0.656
2257200	745200	3.726	33068.4	6.298742857142858e+28	0.659
2259000	747000	3.735	33180.3	6.320057142857143e+28	0.661
2260800	748800	3.744	33288.7	6.340704761904761e+28	0.663
2262600	750600	3.753	33402.2	6.362323809523809e+28	0.665
2264400	752400	3.762	33512.3	6.383295238095239e+28	0.667
2266200	754200	3.771	33627.5	6.405238095238095e+28	0.67
2268000	756000	3.78	33740.1	6.426685714285714e+28	0.672
2269800	757800	3.789	33854.1	6.4484e+28	0.674
2271600	759600	3.798	33967.3	6.4699619047619055e+28	0.676
2273400	761400	3.807	34077.0	6.490857142857143e+28	0.679
2275200	763200	3.816	34188.9	6.512171428571429e+28	0.681
2277000	765000	3.825	34294.5	6.532285714285715e+28	0.683
2278800	766800	3.834	34406.4	6.553600000000001e+28	0.685
2280600	768600	3.843	34512.6	6.573828571428571e+28	0.687
2282400	770400	3.852	34625.7	6.595371428571428e+28	0.69
2284200	772200	3.861	34735.8	6.616342857142858e+28	0.692
2286000	774000	3.87	34848.4	6.637790476190477e+28	0.694
2287800	775800	3.879	34961.7	6.6593714285714285e+28	0.696
2289600	777600	3.888	35074.0	6.680761904761905e+28	0.698
2291400	779400	3.897	35189.1	6.702685714285714e+28	0.701
2293200	781200	3.906	35301.1	6.724019047619047e+28	0.703
2295000	783000	3.915	35414.5	6.745619047619048e+28	0.705
2296800	784800	3.924	35524.6	6.766590476190476e+28	0.707
2298600	786600	3.933	35637.2	6.788038095238095e+28	0.71
2300400	788400	3.942	35750.2	6.809561904761905e+28	0.712
2302200	790200	3.951	35860.6	6.830590476190476e+28	0.714
2304000	792000	3.96	35977.0	6.852761904761905e+28	0.716
2305800	793800	3.969	36087.6	6.873828571428571e+28	0.719
2307600	795600	3.978	36204.8	6.8961523809523815e+28	0.721
2309400	797400	3.987	36316.3	6.917390476190477e+28	0.723
2311200	799200	3.996	36429.3	6.9389142857142865e+28	0.725
2313000	801000	4.005	36541.6	6.960304761904762e+28	0.728
2314800	802800	4.014	36651.6	6.981257142857143e+28	0.73
2316600	804600	4.023	36760.2	7.001942857142857e+28	0.732
2318400	806400	4.032	36868.0	7.02247619047619e+28	0.734
2320200	808200	4.041	36972.7	7.042419047619047e+28	0.736
2322000	810000	4.05	37078.6	7.062590476190476e+28	0.738
2323800	811800	4.059	37182.5	7.082380952380952e+28	0.74
2325600	813600	4.068	37285.5	7.1020000000000005e+28	0.742
2327400	815400	4.077	37387.8	7.121485714285715e+28	0.745
2329200	817200	4.086	37491.6	7.1412571428571425e+28	0.747
2331000	819000	4.095	37593.4	7.160647619047619e+28	0.749
2332800	820800	4.104	37700.1	7.180971428571428e+28	0.751
2334600	822600	4.113	37800.8	7.200152380952382e+28	0.753
2336400	824400	4.122	37908.2	7.2206095238095236e+28	0.755
2338200	826200	4.131	38010.6	7.240114285714285e+28	0.757
2340000	828000	4.14	38112.8	7.259580952380953e+28	0.759
2341800	829800	4.149	38213.7	7.2787999999999995e+28	0.761
2343600	831600	4.158	38314.7	7.2980380952380945e+28	0.763
2345400	833400	4.167	38413.7	7.316895238095238e+28	0.765
2347200	835200	4.176	38513.2	7.335847619047619e+28	0.767
2349000	837000	4.185	38607.7	7.353847619047618e+28	0.769
2350800	838800	4.194	38706.8	7.372723809523811e+28	0.771
2352600	840600	4.203	38803.1	7.391066666666666e+28	0.773
2354400	842400	4.212	38901.2	7.409752380952381e+28	0.775
2356200	844200	4.221	38997.7	7.428133333333333e+28	0.777
2358000	846000	4.23	39092.4	7.446171428571429e+28	0.778
2359800	847800	4.239	39191.5	7.465047619047619e+28	0.78
2361600	849600	4.248	39291.2	7.484038095238095e+28	0.782
2363400	851400	4.257	39392.3	7.503295238095239e+28	0.784
2365200	853200	4.266	39494.0	7.5226666666666665e+28	0.786
2367000	855000	4.275	39596.9	7.542266666666668e+28	0.789
2368800	856800	4.284	39702.5	7.562380952380952e+28	0.791
2370600	858600	4.293	39806.7	7.582228571428571e+28	0.793
2372400	860400	4.302	39912.3	7.6023428571428575e+28	0.795
2374200	862200	4.311	40017.0	7.622285714285715e+28	0.797
2376000	864000	4.32	40121.9	7.642266666666668e+28	0.799
2377800	865800	4.329	40227.4	7.662361904761905e+28	0.801
2379600	867600	4.338	40328.8	7.681676190476191e+28	0.803
2381400	869400	4.347	40435.7	7.702038095238095e+28	0.805
2383200	871200	4.356	40540.6	7.722019047619047e+28	0.807
2385000	873000	4.365	40645.8	7.742057142857143e+28	0.809
2386800	874800	4.374	40751.5	7.762190476190476e+28	0.812
2388600	876600	4.383	40856.7	7.782228571428571e+28	0.814
2390400	878400	4.392	40963.4	7.802552380952382e+28	0.816
2392200	880200	4.401	41066.6	7.8222095238095235e+28	0.818
2394000	882000	4.41	41171.1	7.842114285714286e+28	0.82
2395800	883800	4.419	41272.4	7.861409523809524e+28	0.822
2397600	885600	4.428	41371.9	7.880361904761905e+28	0.824
2399400	887400	4.437	41467.3	7.898533333333334e+28	0.826
2401200	889200	4.446	41560.3	7.91624761904762e+28	0.828
2403000	891000	4.455	41650.6	7.93344761904762e+28	0.829
2404800	892800	4.464	41744.4	7.951314285714287e+28	0.831
2406600	894600	4.473	41834.1	7.9684e+28	0.833
2408400	896400	4.482	41924.0	7.98552380952381e+28	0.835
2410200	898200	4.491	42012.7	8.002419047619048e+28	0.837
2412000	900000	4.5	42098.8	8.018819047619049e+28	0.838
2413800	901800	4.509	42188.0	8.035809523809525e+28	0.84
2415600	903600	4.518	42274.0	8.052190476190476e+28	0.842
2417400	905400	4.527	42362.9	8.06912380952381e+28	0.844
2419200	907200	4.536	42447.6	8.085257142857142e+28	0.845
2421000	909000	4.545	42533.9	8.10169523809524e+28	0.847
2422800	910800	4.554	42618.9	8.117885714285714e+28	0.849
2424600	912600	4.563	42705.2	8.13432380952381e+28	0.85
2426400	914400	4.572	42793.4	8.15112380952381e+28	0.852
2428200	916200	4.581	42878.5	8.167333333333333e+28	0.854
2430000	918000	4.59	42967.2	8.184228571428572e+28	0.856
2431800	919800	4.599	43054.6	8.200876190476191e+28	0.857
2433600	921600	4.608	43144.5	8.218e+28	0.859
2435400	923400	4.617	43234.9	8.235219047619048e+28	0.861
2437200	925200	4.626	43323.8	8.252152380952382e+28	0.863
2439000	927000	4.635	43413.6	8.269257142857143e+28	0.865
2440800	928800	4.644	43497.5	8.285238095238095e+28	0.866
2442600	930600	4.653	43586.1	8.302114285714286e+28	0.868
2444400	932400	4.662	43668.7	8.31784761904762e+28	0.87
2446200	934200	4.671	43757.4	8.334742857142858e+28	0.871
2448000	936000	4.68	43838.5	8.350190476190477e+28	0.873
2449800	937800	4.689	43923.0	8.366285714285714e+28	0.875
2451600	939600	4.698	44003.5	8.381619047619048e+28	0.876
2453400	941400	4.707	44087.5	8.397619047619047e+28	0.878
2455200	943200	4.716	44166.1	8.412590476190476e+28	0.879
2457000	945000	4.725	44251.4	8.428838095238096e+28	0.881
2458800	946800	4.734	44327.9	8.443409523809524e+28	0.883
2460600	948600	4.743	44407.4	8.45855238095238e+28	0.884
2462400	950400	4.752	44481.3	8.472628571428573e+28	0.886
2464200	952200	4.761	44559.6	8.487542857142857e+28	0.887
2466000	954000	4.77	44637.3	8.502342857142857e+28	0.889
2467800	955800	4.779	44713.7	8.516895238095238e+28	0.89
2469600	957600	4.788	44787.7	8.530990476190475e+28	0.892
2471400	959400	4.797	44861.2	8.544990476190477e+28	0.893
2473200	961200	4.806	44936.0	8.559238095238095e+28	0.895
2475000	963000	4.815	45008.9	8.57312380952381e+28	0.896
2476800	964800	4.824	45081.8	8.587009523809525e+28	0.898
2478600	966600	4.833	45149.8	8.599961904761905e+28	0.899
2480400	968400	4.842	45221.6	8.613638095238096e+28	0.901
2482200	970200	4.851	45293.5	8.627333333333334e+28	0.902
2484000	972000	4.86	45362.7	8.640514285714285e+28	0.903
2485800	973800	4.869	45434.1	8.654114285714286e+28	0.905
2487600	975600	4.878	45506.6	8.66792380952381e+28	0.906
2489400	977400	4.887	45580.1	8.68192380952381e+28	0.908
2491200	979200	4.896	45652.7	8.695752380952381e+28	0.909
2493000	981000	4.905	45726.1	8.709733333333334e+28	0.911
2494800	982800	4.914	45802.9	8.724361904761905e+28	0.912
2496600	984600	4.923	45875.9	8.738266666666667e+28	0.914
2498400	986400	4.932	45958.1	8.75392380952381e+28	0.915
2500200	988200	4.941	46030.3	8.767676190476191e+28	0.917
2502000	990000	4.95	46107.6	8.7824e+28	0.918
2503800	991800	4.959	46182.9	8.796742857142858e+28	0.92
2505600	993600	4.968	46255.9	8.81064761904762e+28	0.921
2507400	995400	4.977	46329.4	8.82464761904762e+28	0.923
2509200	997200	4.986	46397.6	8.837638095238096e+28	0.924
2511000	999000	4.995	46466.2	8.850704761904761e+28	0.925
2512800	1000800	5.004	46530.6	8.862971428571429e+28	0.927
2514600	1002600	5.013	46597.0	8.875619047619049e+28	0.928
2516400	1004400	5.022	46660.3	8.887676190476192e+28	0.929
2518200	1006200	5.031	46725.9	8.90017142857143e+28	0.93
2520000	1008000	5.04	46790.2	8.912419047619048e+28	0.932
2521800	1009800	5.049	46853.5	8.924476190476191e+28	0.933
2523600	1011600	5.058	46914.2	8.936038095238096e+28	0.934
2525400	1013400	5.067	46976.7	8.947942857142856e+28	0.935
2527200	1015200	5.076	47041.6	8.960304761904762e+28	0.937
2529000	1017000	5.085	47106.0	8.97257142857143e+28	0.938
2530800	1018800	5.094	47168.5	8.98447619047619e+28	0.939
2532600	1020600	5.103	47231.8	8.996533333333333e+28	0.941
2534400	1022400	5.112	47293.9	9.008361904761905e+28	0.942
2536200	1024200	5.121	47357.7	9.020514285714286e+28	0.943
2538000	1026000	5.13	47419.9	9.032361904761905e+28	0.944
2539800	1027800	5.139	47477.8	9.043390476190476e+28	0.945
2541600	1029600	5.148	47533.7	9.054038095238095e+28	0.947
2543400	1031400	5.157	47590.0	9.064761904761906e+28	0.948
2545200	1033200	5.166	47645.2	9.07527619047619e+28	0.949
2547000	1035000	5.175	47698.3	9.085390476190477e+28	0.95
2548800	1036800	5.184	47748.5	9.09495238095238e+28	0.951
2550600	1038600	5.193	47802.1	9.105161904761905e+28	0.952
2552400	1040400	5.202	47854.0	9.115047619047619e+28	0.953
2554200	1042200	5.211	47905.1	9.124780952380953e+28	0.954
2556000	1044000	5.22	47958.6	9.134971428571429e+28	0.955
2557800	1045800	5.229	48011.9	9.14512380952381e+28	0.956
2559600	1047600	5.238	48060.4	9.154361904761906e+28	0.957
2561400	1049400	5.247	48111.4	9.164076190476191e+28	0.958
2563200	1051200	5.256	48160.8	9.173485714285715e+28	0.959
2565000	1053000	5.265	48210.1	9.18287619047619e+28	0.96
2566800	1054800	5.274	48258.2	9.192038095238095e+28	0.961
2568600	1056600	5.283	48307.1	9.20135238095238e+28	0.962
2570400	1058400	5.292	48351.8	9.209866666666668e+28	0.963
2572200	1060200	5.301	48395.9	9.218266666666668e+28	0.964
2574000	1062000	5.31	48440.5	9.226761904761906e+28	0.965
2575800	1063800	5.319	48483.0	9.234857142857142e+28	0.965
2577600	1065600	5.328	48527.9	9.243409523809524e+28	0.966
2579400	1067400	5.337	48568.8	9.251200000000002e+28	0.967
2581200	1069200	5.346	48613.7	9.259752380952381e+28	0.968
2583000	1071000	5.355	48653.7	9.267371428571428e+28	0.969
2584800	1072800	5.364	48698.0	9.275809523809524e+28	0.97
2586600	1074600	5.373	48737.7	9.283371428571429e+28	0.971
2588400	1076400	5.382	48780.2	9.291466666666667e+28	0.971
2590200	1078200	5.391	48821.4	9.299314285714287e+28	0.972
2592000	1080000	5.4	48862.6	9.307161904761905e+28	0.973
2593800	1081800	5.409	48902.9	9.314838095238096e+28	0.974
2595600	1083600	5.418	48939.1	9.321733333333334e+28	0.975
2597400	1085400	5.427	48976.5	9.328857142857143e+28	0.975
2599200	1087200	5.436	49010.3	9.33529523809524e+28	0.976
2601000	1089000	5.445	49048.3	9.342533333333334e+28	0.977
2602800	1090800	5.454	49083.1	9.349161904761904e+28	0.977
2604600	1092600	5.463	49114.5	9.355142857142858e+28	0.978
2606400	1094400	5.472	49149.2	9.36175238095238e+28	0.979
2608200	1096200	5.481	49181.0	9.367809523809525e+28	0.979
2610000	1098000	5.49	49214.9	9.374266666666667e+28	0.98
2611800	1099800	5.499	49248.6	9.380685714285715e+28	0.981
2613600	1101600	5.508	49284.1	9.387447619047619e+28	0.981
2615400	1103400	5.517	49318.5	9.394e+28	0.982
2617200	1105200	5.526	49351.9	9.400361904761905e+28	0.983
2619000	1107000	5.535	49384.8	9.406628571428573e+28	0.983
2620800	1108800	5.544	49419.8	9.41329523809524e+28	0.984
2622600	1110600	5.553	49453.5	9.419714285714285e+28	0.985
2624400	1112400	5.562	49488.6	9.4264e+28	0.985
2626200	1114200	5.571	49523.0	9.432952380952382e+28	0.986
2628000	1116000	5.58	49559.1	9.43982857142857e+28	0.987
2629800	1117800	5.589	49591.7	9.446038095238094e+28	0.988
2631600	1119600	5.598	49623.3	9.452057142857144e+28	0.988
2633400	1121400	5.607	49656.0	9.458285714285715e+28	0.989
2635200	1123200	5.616	49689.2	9.464609523809523e+28	0.989
2637000	1125000	5.625	49720.1	9.470495238095239e+28	0.99
2638800	1126800	5.634	49751.4	9.476457142857144e+28	0.991
2640600	1128600	5.643	49781.2	9.482133333333334e+28	0.991
2642400	1130400	5.652	49808.1	9.487257142857143e+28	0.992
2644200	1132200	5.661	49840.4	9.493409523809525e+28	0.992
2646000	1134000	5.67	49866.8	9.498438095238095e+28	0.993
2647800	1135800	5.679	49894.9	9.503790476190476e+28	0.994
2649600	1137600	5.688	49924.5	9.509428571428572e+28	0.994
2651400	1139400	5.697	49949.6	9.514209523809523e+28	0.995
2653200	1141200	5.706	49975.4	9.51912380952381e+28	0.995
2655000	1143000	5.715	50001.2	9.524038095238096e+28	0.996
2656800	1144800	5.724	50020.9	9.527790476190476e+28	0.996
2658600	1146600	5.733	50044.3	9.53224761904762e+28	0.997
2660400	1148400	5.742	50066.1	9.5364e+28	0.997
2662200	1150200	5.751	50085.4	9.540076190476191e+28	0.997
2664000	1152000	5.76	50102.7	9.543371428571429e+28	0.998
2665800	1153800	5.769	50120.1	9.546685714285714e+28	0.998
2667600	1155600	5.778	50138.4	9.55017142857143e+28	0.998
2669400	1157400	5.787	50153.3	9.553009523809524e+28	0.999
2671200	1159200	5.796	50167.1	9.555638095238095e+28	0.999
2673000	1161000	5.805	50181.8	9.558438095238096e+28	0.999
2674800	1162800	5.814	50193.0	9.560571428571429e+28	1.0
2676600	1164600	5.823	50203.1	9.562495238095238e+28	1.0
2678400	1166400	5.832	50210.0	9.563809523809524e+28	1.0
2680200	1168200	5.841	50212.2	9.56422857142857e+28	1.0
2682000	1170000	5.85	50217.7	9.56527619047619e+28	1.0
2683800	1171800	5.859	50218.8	9.565485714285714e+28	1.0
2685600	1173600	5.868	50216.3	9.565009523809524e+28	1.0
2687400	1175400	5.877	50213.3	9.564438095238097e+28	1.0
2689200	1177200	5.886	50216.8	9.565104761904762e+28	1.0
2691000	1179000	5.895	50217.1	9.565161904761905e+28	1.0
2692800	1180800	5.904	50213.8	9.564533333333334e+28	1.0
2694600	1182600	5.913	50213.7	9.564514285714285e+28	1.0
2696400	1184400	5.922	50216.0	9.564952380952381e+28	1.0
2698200	1186200	5.931	50215.1	9.564780952380953e+28	1.0
2700000	1188000	5.94	50215.3	9.564819047619049e+28	1.0
2701800	1189800	5.949	50217.3	9.565200000000001e+28	1.0
2703600	1191600	5.958	50217.4	9.565219047619049e+28	1.0
2705400	1193400	5.967	50215.3	9.564819047619049e+28	1.0
2707200	1195200	5.976	50215.5	9.564857142857143e+28	1.0
2709000	1197000	5.985	50214.4	9.564647619047619e+28	1.0
2710800	1198800	5.994	50215.7	9.564895238095238e+28	1.0
2712600	1200600	6.003	50216.1	9.564971428571428e+28	1.0
2714400	1202400	6.012	50215.2	9.5648e+28	1.0
2716200	1204200	6.021	50215.7	9.564895238095238e+28	1.0
2718000	1206000	6.03	50216.4	9.565028571428571e+28	1.0
2719800	1207800	6.039	50215.3	9.564819047619049e+28	1.0
2721600	1209600	6.048	50215.6	9.56487619047619e+28	1.0
2723400	1211400	6.057	50217.0	9.565142857142858e+28	1.0
2725200	1213200	6.066	50215.9	9.564933333333334e+28	1.0
2727000	1215000	6.075	50215.3	9.564819047619049e+28	1.0
2728800	1216800	6.084	50215.5	9.564857142857143e+28	1.0
2730600	1218600	6.093	50215.3	9.564819047619049e+28	1.0
2732400	1220400	6.102	50216.2	9.564990476190475e+28	1.0
2734200	1222200	6.111	50214.2	9.564609523809523e+28	1.0
2736000	1224000	6.12	50215.6	9.56487619047619e+28	1.0
2737800	1225800	6.129	50216.4	9.565028571428571e+28	1.0
2739600	1227600	6.138	50213.9	9.564552380952381e+28	1.0
2741400	1229400	6.147	50214.5	9.564666666666666e+28	1.0
2743200	1231200	6.156	50216.8	9.565104761904762e+28	1.0
2745000	1233000	6.165	50217.5	9.565238095238096e+28	1.0
2746800	1234800	6.174	50213.3	9.564438095238097e+28	1.0
2748600	1236600	6.183	50214.7	9.564704761904762e+28	1.0
2750400	1238400	6.192	50216.1	9.564971428571428e+28	1.0
2752200	1240200	6.201	50215.2	9.5648e+28	1.0
2754000	1242000	6.21	50214.9	9.564742857142858e+28	1.0
2755800	1243800	6.219	50214.6	9.564685714285715e+28	1.0
2757600	1245600	6.228	50216.0	9.564952380952381e+28	1.0
2759400	1247400	6.237	50216.5	9.565047619047619e+28	1.0
2761200	1249200	6.246	50215.6	9.56487619047619e+28	1.0
2763000	1251000	6.255	50213.5	9.56447619047619e+28	1.0
2764800	1252800	6.264	50213.6	9.564495238095238e+28	1.0
2766600	1254600	6.273	50216.5	9.565047619047619e+28	1.0
2768400	1256400	6.282	50215.2	9.5648e+28	1.0
2770200	1258200	6.291	50215.1	9.564780952380953e+28	1.0
2772000	1260000	6.3	50215.1	9.564780952380953e+28	1.0
2773800	1261800	6.309	50215.9	9.564933333333334e+28	1.0
2775600	1263600	6.318	50216.8	9.565104761904762e+28	1.0
2777400	1265400	6.327	50214.5	9.564666666666666e+28	1.0
2779200	1267200	6.336	50215.6	9.56487619047619e+28	1.0
2781000	1269000	6.345	50215.8	9.564914285714287e+28	1.0
2782800	1270800	6.354	50217.1	9.565161904761905e+28	1.0
2784600	1272600	6.363	50214.6	9.564685714285715e+28	1.0
2786400	1274400	6.372	50215.5	9.564857142857143e+28	1.0
2788200	1276200	6.381	50215.3	9.564819047619049e+28	1.0
2790000	1278000	6.39	50216.5	9.565047619047619e+28	1.0
2791800	1279800	6.399	50216.7	9.565085714285715e+28	1.0
2793600	1281600	6.408	50215.8	9.564914285714287e+28	1.0
2795400	1283400	6.417	50214.6	9.564685714285715e+28	1.0
2797200	1285200	6.426	50215.3	9.564819047619049e+28	1.0
2799000	1287000	6.435	50215.9	9.564933333333334e+28	1.0
2800800	1288800	6.444	50215.8	9.564914285714287e+28	1.0
2802600	1290600	6.453	50214.2	9.564609523809523e+28	1.0
2804400	1292400	6.462	50216.3	9.565009523809524e+28	1.0
2806200	1294200	6.471	50215.8	9.564914285714287e+28	1.0
2808000	1296000	6.48	50216.5	9.565047619047619e+28	1.0
2809800	1297800	6.489	50216.9	9.56512380952381e+28	1.0
2811600	1299600	6.498	50215.6	9.56487619047619e+28	1.0
2813400	1301400	6.507	50215.7	9.564895238095238e+28	1.0
2815200	1303200	6.516	50215.6	9.56487619047619e+28	1.0
2817000	1305000	6.525	50218.4	9.565409523809524e+28	1.0
2818800	1306800	6.534	50215.0	9.564761904761906e+28	1.0
2820600	1308600	6.543	50214.9	9.564742857142858e+28	1.0
2822400	1310400	6.552	50215.2	9.5648e+28	1.0
2824200	1312200	6.561	50216.0	9.564952380952381e+28	1.0
2826000	1314000	6.57	50215.9	9.564933333333334e+28	1.0
2827800	1315800	6.579	50217.5	9.565238095238096e+28	1.0
2829600	1317600	6.588	50215.5	9.564857142857143e+28	1.0
2831400	1319400	6.597	50215.1	9.564780952380953e+28	1.0
2833200	1321200	6.606	50216.6	9.565066666666668e+28	1.0
2835000	1323000	6.615	50217.2	9.565180952380952e+28	1.0
2836800	1324800	6.624	50215.8	9.564914285714287e+28	1.0
2838600	1326600	6.633	50215.2	9.5648e+28	1.0
2840400	1328400	6.642	50215.7	9.564895238095238e+28	1.0
2842200	1330200	6.651	50215.5	9.564857142857143e+28	1.0
2844000	1332000	6.66	50216.3	9.565009523809524e+28	1.0
2845800	1333800	6.669	50214.9	9.564742857142858e+28	1.0
2847600	1335600	6.678	50213.8	9.564533333333334e+28	1.0
2849400	1337400	6.687	50216.2	9.564990476190475e+28	1.0
2851200	1339200	6.696	50215.6	9.56487619047619e+28	1.0
2853000	1341000	6.705	50216.1	9.564971428571428e+28	1.0
2854800	1342800	6.714	50215.7	9.564895238095238e+28	1.0
2856600	1344600	6.723	50217.1	9.565161904761905e+28	1.0
2858400	1346400	6.732	50216.8	9.565104761904762e+28	1.0
2860200	1348200	6.741	50216.2	9.564990476190475e+28	1.0
2862000	1350000	6.75	50216.2	9.564990476190475e+28	1.0
2863800	1351800	6.759	50215.8	9.564914285714287e+28	1.0
2865600	1353600	6.768	50215.1	9.564780952380953e+28	1.0
2867400	1355400	6.777	50213.9	9.564552380952381e+28	1.0
2869200	1357200	6.786	50216.3	9.565009523809524e+28	1.0
2871000	1359000	6.795	50217.5	9.565238095238096e+28	1.0
2872800	1360800	6.804	50214.3	9.564628571428572e+28	1.0
2874600	1362600	6.813	50215.4	9.564838095238096e+28	1.0
2876400	1364400	6.822	50216.0	9.564952380952381e+28	1.0
2878200	1366200	6.831	50217.2	9.565180952380952e+28	1.0
2880000	1368000	6.84	50214.7	9.564704761904762e+28	1.0
2881800	1369800	6.849	50216.9	9.56512380952381e+28	1.0
2883600	1371600	6.858	50218.7	9.565466666666667e+28	1.0
2885400	1373400	6.867	50217.1	9.565161904761905e+28	1.0
2887200	1375200	6.876	50216.4	9.565028571428571e+28	1.0
2889000	1377000	6.885	50216.6	9.565066666666668e+28	1.0
2890800	1378800	6.894	50216.4	9.565028571428571e+28	1.0
2892600	1380600	6.903	50218.4	9.565409523809524e+28	1.0
2894400	1382400	6.912	50215.3	9.564819047619049e+28	1.0
2896200	1384200	6.921	50213.2	9.564419047619048e+28	1.0
2898000	1386000	6.93	50214.9	9.564742857142858e+28	1.0
2899800	1387800	6.939	50215.1	9.564780952380953e+28	1.0
2901600	1389600	6.948	50216.7	9.565085714285715e+28	1.0
2903400	1391400	6.957	50219.7	9.565657142857142e+28	1.0
2905200	1393200	6.966	50217.5	9.565238095238096e+28	1.0
2907000	1395000	6.975	50216.9	9.56512380952381e+28	1.0
2908800	1396800	6.984	50215.6	9.56487619047619e+28	1.0
2910600	1398600	6.993	50214.6	9.564685714285715e+28	1.0
2912400	1400400	7.002	50217.2	9.565180952380952e+28	1.0
2914200	1402200	7.011	50218.3	9.565390476190477e+28	1.0
2916000	1404000	7.02	50216.0	9.564952380952381e+28	1.0
2917800	1405800	7.029	50215.5	9.564857142857143e+28	1.0
2919600	1407600	7.038	50217.8	9.565295238095239e+28	1.0
2921400	1409400	7.047	50215.9	9.564933333333334e+28	1.0
2923200	1411200	7.056	50218.2	9.565371428571428e+28	1.0
2925000	1413000	7.065	50216.7	9.565085714285715e+28	1.0
2926800	1414800	7.074	50216.4	9.565028571428571e+28	1.0
2928600	1416600	7.083	50214.9	9.564742857142858e+28	1.0
2930400	1418400	7.092	50216.5	9.565047619047619e+28	1.0
2932200	1420200	7.101	50215.9	9.564933333333334e+28	1.0
2934000	1422000	7.11	50216.0	9.564952380952381e+28	1.0
2935800	1423800	7.119	50217.6	9.565257142857143e+28	1.0
2937600	1425600	7.128	50217.3	9.565200000000001e+28	1.0
2939400	1427400	7.137	50217.3	9.565200000000001e+28	1.0
2941200	1429200	7.146	50216.8	9.565104761904762e+28	1.0
2943000	1431000	7.155	50216.4	9.565028571428571e+28	1.0
2944800	1432800	7.164	50217.2	9.565180952380952e+28	1.0
2946600	1434600	7.173	50215.4	9.564838095238096e+28	1.0
2948400	1436400	7.182	50214.3	9.564628571428572e+28	1.0
2950200	1438200	7.191	50216.6	9.565066666666668e+28	1.0
2952000	1440000	7.2	50217.4	9.565219047619049e+28	1.0
2953800	1441800	7.209	50215.8	9.564914285714287e+28	1.0
2955600	1443600	7.218	50213.8	9.564533333333334e+28	1.0
2957400	1445400	7.227	50215.9	9.564933333333334e+28	1.0
2959200	1447200	7.236	50218.3	9.565390476190477e+28	1.0
2961000	1449000	7.245	50214.8	9.564723809523811e+28	1.0
2962800	1450800	7.254	50215.6	9.56487619047619e+28	1.0
2964600	1452600	7.263	50216.8	9.565104761904762e+28	1.0
2966400	1454400	7.272	50215.1	9.564780952380953e+28	1.0
2968200	1456200	7.281	50214.4	9.564647619047619e+28	1.0
2970000	1458000	7.29	50217.2	9.565180952380952e+28	1.0
2971800	1459800	7.299	50215.6	9.56487619047619e+28	1.0
2973600	1461600	7.308	50216.7	9.565085714285715e+28	1.0
2975400	1463400	7.317	50215.9	9.564933333333334e+28	1.0
2977200	1465200	7.326	50215.9	9.564933333333334e+28	1.0
2979000	1467000	7.335	50216.4	9.565028571428571e+28	1.0
2980800	1468800	7.344	50214.5	9.564666666666666e+28	1.0
2982600	1470600	7.353	50215.5	9.564857142857143e+28	1.0
2984400	1472400	7.362	50217.7	9.56527619047619e+28	1.0
2986200	1474200	7.371	50217.0	9.565142857142858e+28	1.0
2988000	1476000	7.38	50215.1	9.564780952380953e+28	1.0
2989800	1477800	7.389	50215.7	9.564895238095238e+28	1.0
2991600	1479600	7.398	50217.3	9.565200000000001e+28	1.0
2993400	1481400	7.407	50216.9	9.56512380952381e+28	1.0
2995200	1483200	7.416	50216.0	9.564952380952381e+28	1.0
2997000	1485000	7.425	50215.2	9.5648e+28	1.0
2998800	1486800	7.434	50215.8	9.564914285714287e+28	1.0
3000600	1488600	7.443	50217.6	9.565257142857143e+28	1.0
3002400	1490400	7.452	50215.9	9.564933333333334e+28	1.0
3004200	1492200	7.461	50215.4	9.564838095238096e+28	1.0
3006000	1494000	7.47	50217.7	9.56527619047619e+28	1.0
3007800	1495800	7.479	50217.4	9.565219047619049e+28	1.0
3009600	1497600	7.488	50215.7	9.564895238095238e+28	1.0
3011400	1499400	7.497	50215.0	9.564761904761906e+28	1.0
3013200	1501200	7.506	50217.5	9.565238095238096e+28	1.0
3015000	1503000	7.515	50216.2	9.564990476190475e+28	1.0
3016800	1504800	7.524	50216.0	9.564952380952381e+28	1.0
3018600	1506600	7.533	50216.0	9.564952380952381e+28	1.0
3020400	1508400	7.542	50216.7	9.565085714285715e+28	1.0
3022200	1510200	7.551	50215.5	9.564857142857143e+28	1.0
3024000	1512000	7.56	50214.9	9.564742857142858e+28	1.0
3025800	1513800	7.569	50216.1	9.564971428571428e+28	1.0
3027600	1515600	7.578	50216.5	9.565047619047619e+28	1.0
3029400	1517400	7.587	50215.1	9.564780952380953e+28	1.0
3031200	1519200	7.596	50216.2	9.564990476190475e+28	1.0
3033000	1521000	7.605	50216.9	9.56512380952381e+28	1.0
3034800	1522800	7.614	50215.8	9.564914285714287e+28	1.0
3036600	1524600	7.623	50216.0	9.564952380952381e+28	1.0
3038400	1526400	7.632	50215.5	9.564857142857143e+28	1.0
3040200	1528200	7.641	50217.7	9.56527619047619e+28	1.0
3042000	1530000	7.65	50214.8	9.564723809523811e+28	1.0
3043800	1531800	7.659	50215.9	9.564933333333334e+28	1.0
3045600	1533600	7.668	50218.2	9.565371428571428e+28	1.0
3047400	1535400	7.677	50217.3	9.565200000000001e+28	1.0
3049200	1537200	7.686	50216.2	9.564990476190475e+28	1.0
3051000	1539000	7.695	50218.6	9.565447619047618e+28	1.0
3052800	1540800	7.704	50218.7	9.565466666666667e+28	1.0
3054600	1542600	7.713	50217.5	9.565238095238096e+28	1.0
3056400	1544400	7.722	50216.7	9.565085714285715e+28	1.0
3058200	1546200	7.731	50216.3	9.565009523809524e+28	1.0
3060000	1548000	7.74	50216.8	9.565104761904762e+28	1.0
3061800	1549800	7.749	50216.7	9.565085714285715e+28	1.0
3063600	1551600	7.758	50213.8	9.564533333333334e+28	1.0
3065400	1553400	7.767	50215.9	9.564933333333334e+28	1.0
3067200	1555200	7.776	50218.8	9.565485714285714e+28	1.0
3069000	1557000	7.785	50216.4	9.565028571428571e+28	1.0
3070800	1558800	7.794	50215.4	9.564838095238096e+28	1.0
3072600	1560600	7.803	50218.1	9.56535238095238e+28	1.0
3074400	1562400	7.812	50217.0	9.565142857142858e+28	1.0
3076200	1564200	7.821	50216.5	9.565047619047619e+28	1.0
3078000	1566000	7.83	50216.1	9.564971428571428e+28	1.0
3079800	1567800	7.839	50218.9	9.565504761904763e+28	1.0
3081600	1569600	7.848	50217.7	9.56527619047619e+28	1.0
3083400	1571400	7.857	50215.5	9.564857142857143e+28	1.0
3085200	1573200	7.866	50218.3	9.565390476190477e+28	1.0
3087000	1575000	7.875	50217.4	9.565219047619049e+28	1.0
3088800	1576800	7.884	50217.7	9.56527619047619e+28	1.0
3090600	1578600	7.893	50215.4	9.564838095238096e+28	1.0
3092400	1580400	7.902	50217.4	9.565219047619049e+28	1.0
3094200	1582200	7.911	50216.9	9.56512380952381e+28	1.0
3096000	1584000	7.92	50213.3	9.564438095238097e+28	1.0
3097800	1585800	7.929	50217.3	9.565200000000001e+28	1.0
3099600	1587600	7.938	50216.5	9.565047619047619e+28	1.0
3101400	1589400	7.947	50215.5	9.564857142857143e+28	1.0
3103200	1591200	7.956	50216.2	9.564990476190475e+28	1.0
3105000	1593000	7.965	50217.9	9.565314285714286e+28	1.0
3106800	1594800	7.974	50218.2	9.565371428571428e+28	1.0
3108600	1596600	7.983	50215.2	9.5648e+28	1.0
3110400	1598400	7.992	50215.9	9.564933333333334e+28	1.0
3112200	1600200	8.001	50218.0	9.565333333333333e+28	1.0
3114000	1602000	8.01	50218.1	9.56535238095238e+28	1.0
3115800	1603800	8.019	50214.7	9.564704761904762e+28	1.0
3117600	1605600	8.028	50217.2	9.565180952380952e+28	1.0
3119400	1607400	8.037	50218.4	9.565409523809524e+28	1.0
3121200	1609200	8.046	50214.9	9.564742857142858e+28	1.0
3123000	1611000	8.055	50216.6	9.565066666666668e+28	1.0
3124800	1612800	8.064	50218.9	9.565504761904763e+28	1.0
3126600	1614600	8.073	50216.1	9.564971428571428e+28	1.0
3128400	1616400	8.082	50216.0	9.564952380952381e+28	1.0
3130200	1618200	8.091	50218.5	9.565428571428571e+28	1.0
3132000	1620000	8.1	50217.7	9.56527619047619e+28	1.0
3133800	1621800	8.109	50216.2	9.564990476190475e+28	1.0
3135600	1623600	8.118	50217.0	9.565142857142858e+28	1.0
3137400	1625400	8.127	50217.6	9.565257142857143e+28	1.0
3139200	1627200	8.136	50215.6	9.56487619047619e+28	1.0
3141000	1629000	8.145	50216.8	9.565104761904762e+28	1.0
3142800	1630800	8.154	50216.7	9.565085714285715e+28	1.0
3144600	1632600	8.163	50216.8	9.565104761904762e+28	1.0
3146400	1634400	8.172	50215.6	9.56487619047619e+28	1.0
3148200	1636200	8.181	50216.3	9.565009523809524e+28	1.0
3150000	1638000	8.19	50217.9	9.565314285714286e+28	1.0
3151800	1639800	8.199	50216.1	9.564971428571428e+28	1.0
3153600	1641600	8.208	50214.9	9.564742857142858e+28	1.0
3155400	1643400	8.217	50217.0	9.565142857142858e+28	1.0
3157200	1645200	8.226	50217.9	9.565314285714286e+28	1.0
3159000	1647000	8.235	50216.3	9.565009523809524e+28	1.0
3160800	1648800	8.244	50215.9	9.564933333333334e+28	1.0
3162600	1650600	8.253	50217.3	9.565200000000001e+28	1.0
3164400	1652400	8.262	50217.2	9.565180952380952e+28	1.0
3166200	1654200	8.271	50216.7	9.565085714285715e+28	1.0
3168000	1656000	8.28	50216.7	9.565085714285715e+28	1.0
3169800	1657800	8.289	50215.3	9.564819047619049e+28	1.0
3171600	1659600	8.298	50216.1	9.564971428571428e+28	1.0
3173400	1661400	8.307	50217.9	9.565314285714286e+28	1.0
3175200	1663200	8.316	50217.7	9.56527619047619e+28	1.0
3177000	1665000	8.325	50217.0	9.565142857142858e+28	1.0
3178800	1666800	8.334	50218.9	9.565504761904763e+28	1.0
3180600	1668600	8.343	50218.1	9.56535238095238e+28	1.0
3182400	1670400	8.352	50216.8	9.565104761904762e+28	1.0
3184200	1672200	8.361	50217.4	9.565219047619049e+28	1.0
3186000	1674000	8.37	50218.0	9.565333333333333e+28	1.0
3187800	1675800	8.379	50216.7	9.565085714285715e+28	1.0
3189600	1677600	8.388	50217.3	9.565200000000001e+28	1.0
3191400	1679400	8.397	50218.6	9.565447619047618e+28	1.0
3193200	1681200	8.406	50219.2	9.565561904761905e+28	1.0
3195000	1683000	8.415	50215.6	9.56487619047619e+28	1.0
3196800	1684800	8.424	50218.1	9.56535238095238e+28	1.0
3198600	1686600	8.433	50218.3	9.565390476190477e+28	1.0
3200400	1688400	8.442	50216.1	9.564971428571428e+28	1.0
3202200	1690200	8.451	50219.3	9.565580952380954e+28	1.0
3204000	1692000	8.46	50218.5	9.565428571428571e+28	1.0
3205800	1693800	8.469	50214.5	9.564666666666666e+28	1.0
3207600	1695600	8.478	50218.4	9.565409523809524e+28	1.0
3209400	1697400	8.487	50217.1	9.565161904761905e+28	1.0
3211200	1699200	8.496	50215.2	9.5648e+28	1.0
3213000	1701000	8.505	50216.9	9.56512380952381e+28	1.0
3214800	1702800	8.514	50217.5	9.565238095238096e+28	1.0
3216600	1704600	8.523	50216.4	9.565028571428571e+28	1.0
3218400	1706400	8.532	50217.7	9.56527619047619e+28	1.0
3220200	1708200	8.541	50217.6	9.565257142857143e+28	1.0
3222000	1710000	8.55	50217.4	9.565219047619049e+28	1.0
3223800	1711800	8.559	50217.1	9.565161904761905e+28	1.0
3225600	1713600	8.568	50217.9	9.565314285714286e+28	1.0
3227400	1715400	8.577	50217.2	9.565180952380952e+28	1.0
3229200	1717200	8.586	50216.2	9.564990476190475e+28	1.0
3231000	1719000	8.595	50218.0	9.565333333333333e+28	1.0
3232800	1720800	8.604	50216.3	9.565009523809524e+28	1.0
3234600	1722600	8.613	50216.4	9.565028571428571e+28	1.0
3236400	1724400	8.622	50215.9	9.564933333333334e+28	1.0
3238200	1726200	8.631	50217.7	9.56527619047619e+28	1.0
3240000	1728000	8.64	50217.1	9.565161904761905e+28	1.0
3241800	1729800	8.649	50216.9	9.56512380952381e+28	1.0
3243600	1731600	8.658	50217.3	9.565200000000001e+28	1.0
3245400	1733400	8.667	50216.7	9.565085714285715e+28	1.0
3247200	1735200	8.676	50218.3	9.565390476190477e+28	1.0
3249000	1737000	8.685	50217.2	9.565180952380952e+28	1.0
3250800	1738800	8.694	50215.4	9.564838095238096e+28	1.0
3252600	1740600	8.703	50216.2	9.564990476190475e+28	1.0
3254400	1742400	8.712	50215.3	9.564819047619049e+28	1.0
3256200	1744200	8.721	50217.3	9.565200000000001e+28	1.0
3258000	1746000	8.73	50217.3	9.565200000000001e+28	1.0
3259800	1747800	8.739	50218.3	9.565390476190477e+28	1.0
3261600	1749600	8.748	50217.4	9.565219047619049e+28	1.0
3263400	1751400	8.757	50216.5	9.565047619047619e+28	1.0
3265200	1753200	8.766	50217.4	9.565219047619049e+28	1.0
3267000	1755000	8.775	50218.4	9.565409523809524e+28	1.0
3268800	1756800	8.784	50217.3	9.565200000000001e+28	1.0
3270600	1758600	8.793	50218.7	9.565466666666667e+28	1.0
3272400	1760400	8.802	50218.5	9.565428571428571e+28	1.0
3274200	1762200	8.811	50218.4	9.565409523809524e+28	1.0
3276000	1764000	8.82	50217.4	9.565219047619049e+28	1.0
3277800	1765800	8.829	50216.6	9.565066666666668e+28	1.0
3279600	1767600	8.838	50217.1	9.565161904761905e+28	1.0
3281400	1769400	8.847	50216.4	9.565028571428571e+28	1.0
3283200	1771200	8.856	50218.0	9.565333333333333e+28	1.0
3285000	1773000	8.865	50218.8	9.565485714285714e+28	1.0
3286800	1774800	8.874	50216.9	9.56512380952381e+28	1.0
3288600	1776600	8.883	50216.6	9.565066666666668e+28	1.0
3290400	1778400	8.892	50217.0	9.565142857142858e+28	1.0
3292200	1780200	8.901	50217.7	9.56527619047619e+28	1.0
3294000	1782000	8.91	50217.7	9.56527619047619e+28	1.0
3295800	1783800	8.919	50216.5	9.565047619047619e+28	1.0
3297600	1785600	8.928	50217.8	9.565295238095239e+28	1.0
3299400	1787400	8.937	50217.9	9.565314285714286e+28	1.0
3301200	1789200	8.946	50216.9	9.56512380952381e+28	1.0
3303000	1791000	8.955	50218.2	9.565371428571428e+28	1.0
3304800	1792800	8.964	50219.0	9.56552380952381e+28	1.0
3306600	1794600	8.973	50218.4	9.565409523809524e+28	1.0
3308400	1796400	8.982	50217.8	9.565295238095239e+28	1.0
3310200	1798200	8.991	50217.9	9.565314285714286e+28	1.0
3312000	1800000	9.0	50217.7	9.56527619047619e+28	1.0
